{"band": "PLW", "sra": [248.976, 248.936, 249.142, 249.041, 248.981, 249.167, 249.095, 248.883, 248.704, 248.98, 249.091, 248.872, 249.187, 248.932, 248.975, 249.254, 248.787, 248.7, 249.23, 248.915, 248.859, 249.156, 248.8, 249.232, 249.173, 249.01, 248.839, 248.889, 248.769, 249.391, 249.068, 248.719, 248.636, 249.016, 248.975, 249.284, 248.888, 249.054, 248.94, 248.634, 248.591, 249.152, 249.203, 248.673, 249.266, 249.089, 248.696, 248.6, 249.322, 248.882, 248.757, 249.366, 249.151, 248.93, 248.624, 249.229, 248.78, 249.334, 248.983, 249.263, 248.83, 249.191, 248.9, 248.852, 249.208, 248.756, 249.316, 249.074, 248.923, 248.595, 249.253, 248.977, 248.831, 248.892, 248.657, 249.25, 249.039, 248.614, 249.206, 248.945, 249.086, 248.885, 248.712, 248.668, 248.804, 249.12, 248.98, 249.013, 248.534, 248.784, 249.19, 248.957, 249.271, 248.994, 248.916, 249.059, 248.863, 249.237, 249.28, 248.958, 248.751, 249.109, 249.209, 248.917, 249.025, 248.829, 249.158, 248.863, 248.787, 249.019, 249.165, 249.235, 249.036, 248.824, 248.736, 248.987, 248.861, 249.013, 248.97, 248.797], "sdec": [66.0396, 66.047, 66.0596, 66.0603, 66.0598, 66.0719, 66.0692, 66.0807, 66.0848, 66.0952, 66.096, 66.0984, 66.0992, 66.1002, 66.1043, 66.1115, 66.1094, 66.1136, 66.1256, 66.1214, 66.1216, 66.1197, 66.1324, 66.1428, 66.1444, 66.153, 66.1477, 66.1469, 66.1493, 66.1517, 66.1552, 66.1567, 66.1581, 66.1605, 66.16, 66.1675, 66.1678, 66.1703, 66.1743, 66.1732, 66.174, 66.177, 66.1734, 66.1784, 66.1837, 66.1833, 66.1822, 66.1805, 66.1868, 66.1847, 66.1843, 66.1903, 66.1917, 66.1936, 66.1954, 66.2015, 66.2005, 66.2002, 66.204, 66.2081, 66.2092, 66.2147, 66.2212, 66.2258, 66.2274, 66.2284, 66.2333, 66.2372, 66.2351, 66.2393, 66.2381, 66.2495, 66.2437, 66.2484, 66.2513, 66.2571, 66.2569, 66.2563, 66.2587, 66.2583, 66.2633, 66.2723, 66.2695, 66.268, 66.2723, 66.2757, 66.276, 66.2866, 66.2839, 66.2869, 66.2912, 66.2965, 66.2961, 66.2977, 66.2961, 66.3007, 66.3032, 66.3087, 66.3129, 66.315, 66.3135, 66.3181, 66.323, 66.3221, 66.326, 66.3285, 66.3294, 66.3336, 66.334, 66.3412, 66.3462, 66.3454, 66.3504, 66.3496, 66.3526, 66.3568, 66.3653, 66.3784, 66.3775, 66.3774], "sflux": [0.010478323325514793, 0.008638468571007252, 0.011010607704520226, 0.0037090557161718607, 0.013029721565544605, 0.001136921695433557, 0.007462885696440935, 0.02074817195534706, 0.010765192098915577, 0.01489204354584217, 0.02343055047094822, 0.003458255436271429, 0.021559616550803185, 0.010791384615004063, 0.015419574454426765, 0.0027336657512933016, 0.015924956649541855, 0.024009451270103455, 0.007391487248241901, 0.013955691829323769, 0.0073231798596680164, 0.015956265851855278, 0.0035463219974189997, 0.010898308828473091, 0.013764811679720879, 0.0010876191081479192, 0.020059168338775635, 0.004632818512618542, 0.000823056441731751, 0.003751689102500677, 0.02647712454199791, 0.004475768189877272, 0.014323516748845577, 0.01807130128145218, 0.007231385447084904, 0.0025225398130714893, 0.0036816936917603016, 0.035792745649814606, 0.0010461596539244056, 0.007204321678727865, 0.001585508929565549, 0.011856630444526672, 0.023536905646324158, 0.02796921506524086, 0.011895852163434029, 0.008639045059680939, 0.025776725262403488, 0.00262211705558002, 0.029724737629294395, 0.003389101242646575, 0.00497066555544734, 0.0135467778891325, 0.015579587779939175, 0.005932345520704985, 0.012195676565170288, 0.007743068039417267, 0.010175678879022598, 0.024029117077589035, 0.06987835466861725, 0.00822338368743658, 0.012746821157634258, 0.011743512004613876, 0.016344428062438965, 0.013948152773082256, 0.007225987035781145, 0.011946241371333599, 0.0012717876816168427, 0.1448681354522705, 0.006025481037795544, 0.0013742675073444843, 0.016245773062109947, 0.008847431279718876, 0.015764154493808746, 0.0065544890239834785, 0.02533814124763012, 0.010837372392416, 0.018545901402831078, 0.014361729845404625, 0.011467691510915756, 0.004334140103310347, 0.02478623576462269, 0.005320745985955, 0.0016450694529339671, 0.006377748679369688, 0.020996788516640663, 0.017856964841485023, 0.018236612901091576, 0.005411719437688589, 0.02292821928858757, 0.01888679713010788, 0.006331983022391796, 0.002432598965242505, 0.003626270219683647, 0.0235514547675848, 0.004568333271890879, 0.003943738527595997, 0.0005578412674367428, 0.0033854383509606123, 0.005352405831217766, 0.00793121475726366, 0.005631104111671448, 0.02785489149391651, 0.0009561519254930317, 0.006323517300188541, 0.04172360524535179, 0.010985908098518848, 0.02324719727039337, 0.014359595254063606, 0.0015571963740512729, 0.010283040814101696, 0.005567240994423628, 0.011406386271119118, 0.008078896440565586, 0.014777668751776218, 0.0019414855632930994, 0.0030179577879607677, 0.0018964331829920411, 0.016486139968037605, 0.011769306845963001, 0.01604565605521202], "serr": [0.013291860930621624, 0.011284037493169308, 0.013475211337208748, 0.006345140747725964, 0.015497551299631596, 0.00264382129535079, 0.010116903111338615, 0.02343362383544445, 0.013539270497858524, 0.017377503216266632, 0.026155078783631325, 0.005967750214040279, 0.02409750036895275, 0.013436591252684593, 0.018107812851667404, 0.005048324353992939, 0.018489530310034752, 0.02664174698293209, 0.009850699454545975, 0.016476241871714592, 0.009688246063888073, 0.01850515976548195, 0.006002167239785194, 0.013376402668654919, 0.016533978283405304, 0.0025574197061359882, 0.022592952474951744, 0.007031889166682959, 0.002035898622125387, 0.006379907485097647, 0.029585188254714012, 0.007281802594661713, 0.017642298713326454, 0.020614856854081154, 0.009699583984911442, 0.0044593196362257, 0.006076774559915066, 0.038286857306957245, 0.0023462956305593252, 0.009686482138931751, 0.0034000850282609463, 0.014413444325327873, 0.02608131803572178, 0.030582860112190247, 0.014335955493152142, 0.011088598519563675, 0.02839314006268978, 0.004711049608886242, 0.0321999117732048, 0.005800972692668438, 0.007419586647301912, 0.015987198799848557, 0.018044516444206238, 0.008339454419910908, 0.014610955491662025, 0.010050849057734013, 0.0127600422129035, 0.026518087834119797, 0.07244538515806198, 0.010896294377744198, 0.015231622382998466, 0.014180093072354794, 0.018689095973968506, 0.016324393451213837, 0.009674947708845139, 0.014541898854076862, 0.0027478118427097797, 0.1473880112171173, 0.00830315612256527, 0.0029931378085166216, 0.01887684501707554, 0.011259674094617367, 0.0181275624781847, 0.009115178138017654, 0.027878884226083755, 0.013326912187039852, 0.021035991609096527, 0.01699274592101574, 0.013892699033021927, 0.0068229688331484795, 0.028304554522037506, 0.007915452122688293, 0.003325314726680517, 0.009689565747976303, 0.023732755333185196, 0.021020425483584404, 0.02072206512093544, 0.007827934809029102, 0.026723483577370644, 0.02130580134689808, 0.009140893816947937, 0.004678091965615749, 0.005996300373226404, 0.0261604692786932, 0.006898375693708658, 0.006408984307199717, 0.0014604509342461824, 0.00570377241820097, 0.008413431234657764, 0.010378849692642689, 0.008289944380521774, 0.030498061329126358, 0.0024132179096341133, 0.008855662308633327, 0.0442001037299633, 0.013399945572018623, 0.025953007861971855, 0.01688290946185589, 0.0034125761594623327, 0.012721499428153038, 0.00813315436244011, 0.013862588442862034, 0.010578015819191933, 0.01735929399728775, 0.004385366570204496, 0.005535763688385487, 0.004304930102080107, 0.018859678879380226, 0.014752278104424477, 0.01918608509004116],