{"sra": [40.037706, 40.04416, 39.865923, 39.985885, 39.984657, 39.949583, 39.857725, 40.043405, 39.83941, 39.957867, 40.001735, 39.979558, 39.989626, 40.056271, 39.926356, 40.044352, 40.030643, 39.87466, 39.973949, 39.89276, 40.056794, 39.854375, 40.038465, 39.928479, 39.886157, 39.868784, 39.887424, 39.918426, 39.92722, 39.917336, 40.040241, 39.964287, 39.947827, 39.922271, 39.89763, 40.067808, 39.875642, 39.951659, 39.948114, 39.983048, 40.04093, 39.988071, 39.884689, 40.014071, 40.06662, 39.972957, 39.90664, 39.88734, 39.954942, 40.006865, 39.987952, 39.993509, 39.91521, 39.952706, 40.011619, 40.012867], "sdec": [-1.4987981, -1.622995, -1.477338, -1.5524178, -1.4239922, -1.6170079, -1.515446, -1.4291278, -1.5406166, -1.4487978, -1.5868947, -1.6795853, -1.6706081, -1.4690374, -1.4853308, -1.4536954, -1.6434536, -1.5542393, -1.6120087, -1.5311672, -1.6558877, -1.5971845, -1.4270781, -1.6189467, -1.4691272, -1.5430776, -1.5772155, -1.6189547, -1.5423308, -1.6353589, -1.4396253, -1.6401918, -1.5588535, -1.4962362, -1.573992, -1.5381453, -1.5141986, -1.4838425, -1.6755594, -1.4956657, -1.6309837, -1.6567645, -1.5454269, -1.6270252, -1.5774064, -1.5505334, -1.552561, -1.5383441, -1.5808065, -1.6343497, -1.5622154, -1.5681116, -1.6522783, -1.5686995, -1.5949516, -1.5732228], "sflux": [3.941131353378296, 6.760090351104736, 2.494431495666504, 10.08729076385498, 1.4940744638442993, 9.003202438354492, 4.041051864624023, 1.2562065124511719, 2.873471736907959, 2.029536247253418, 10.746269226074219, 3.9915642738342285, 3.588331460952759, 2.0844414234161377, 3.1561431884765625, 2.7840499877929688, 6.39331579208374, 5.140629768371582, 9.382885932922363, 5.660755634307861, 3.981973171234131, 2.1293468475341797, 1.4539129734039307, 7.640046119689941, 2.880519390106201, 4.89090633392334, 5.06259822845459, 7.006351470947266, 9.51734447479248, 6.76160192489624, 2.2730207443237305, 7.991822242736816, 10.725183486938477, 4.704678535461426, 6.515661239624023, 6.014774799346924, 4.400474548339844, 4.058628559112549, 5.5479817390441895, 6.348575115203857, 6.345132827758789, 5.36746072769165, 5.500481128692627, 7.1857008934021, 6.298220157623291, 11.14150619506836, 7.9289703369140625, 6.038448810577393, 10.884841918945312, 6.533872604370117, 10.80564022064209, 12.090936660766602, 9.111091613769531, 11.078557968139648, 9.352832794189453, 9.920040130615234]}