{"band": "PSW", "sra": [248.976, 248.936, 249.142, 249.041, 248.981, 249.167, 249.095, 248.883, 248.704, 248.98, 249.091, 248.872, 249.187, 248.932, 248.975, 249.254, 248.787, 248.7, 249.23, 248.915, 248.859, 249.156, 248.8, 249.232, 249.173, 249.01, 248.839, 248.889, 248.769, 249.391, 249.068, 248.719, 248.636, 249.016, 248.975, 249.284, 248.888, 249.054, 248.94, 248.634, 248.591, 249.152, 249.203, 248.673, 249.266, 249.089, 248.696, 248.6, 249.322, 248.882, 248.757, 249.366, 249.151, 248.93, 248.624, 249.229, 248.78, 249.334, 248.983, 249.263, 248.83, 249.191, 248.9, 248.852, 249.208, 248.756, 249.316, 249.074, 248.923, 248.595, 249.253, 248.977, 248.831, 248.892, 248.657, 249.25, 249.039, 248.614, 249.206, 248.945, 249.086, 248.885, 248.712, 248.668, 248.804, 249.12, 248.98, 249.013, 248.534, 248.784, 249.19, 248.957, 249.271, 248.994, 248.916, 249.059, 248.863, 249.237, 249.28, 248.958, 248.751, 249.109, 249.209, 248.917, 249.025, 248.829, 249.158, 248.863, 248.787, 249.019, 249.165, 249.235, 249.036, 248.824, 248.736, 248.987, 248.861, 249.013, 248.97, 248.797], "sdec": [66.0396, 66.047, 66.0596, 66.0603, 66.0598, 66.0719, 66.0692, 66.0807, 66.0848, 66.0952, 66.096, 66.0984, 66.0992, 66.1002, 66.1043, 66.1115, 66.1094, 66.1136, 66.1256, 66.1214, 66.1216, 66.1197, 66.1324, 66.1428, 66.1444, 66.153, 66.1477, 66.1469, 66.1493, 66.1517, 66.1552, 66.1567, 66.1581, 66.1605, 66.16, 66.1675, 66.1678, 66.1703, 66.1743, 66.1732, 66.174, 66.177, 66.1734, 66.1784, 66.1837, 66.1833, 66.1822, 66.1805, 66.1868, 66.1847, 66.1843, 66.1903, 66.1917, 66.1936, 66.1954, 66.2015, 66.2005, 66.2002, 66.204, 66.2081, 66.2092, 66.2147, 66.2212, 66.2258, 66.2274, 66.2284, 66.2333, 66.2372, 66.2351, 66.2393, 66.2381, 66.2495, 66.2437, 66.2484, 66.2513, 66.2571, 66.2569, 66.2563, 66.2587, 66.2583, 66.2633, 66.2723, 66.2695, 66.268, 66.2723, 66.2757, 66.276, 66.2866, 66.2839, 66.2869, 66.2912, 66.2965, 66.2961, 66.2977, 66.2961, 66.3007, 66.3032, 66.3087, 66.3129, 66.315, 66.3135, 66.3181, 66.323, 66.3221, 66.326, 66.3285, 66.3294, 66.3336, 66.334, 66.3412, 66.3462, 66.3454, 66.3504, 66.3496, 66.3526, 66.3568, 66.3653, 66.3784, 66.3775, 66.3774], "sflux": [0.0120136309415102, 0.012857829220592976, 0.01562926173210144, 0.004793612286448479, 0.01065145991742611, 0.004352302756160498, 0.01530025526881218, 0.030484717339277267, 0.012972725555300713, 0.01848619617521763, 0.02304317057132721, 0.00606774166226387, 0.03544769063591957, 0.005859761033207178, 0.016868604347109795, 0.0039474633522331715, 0.01310217659920454, 0.03194969519972801, 0.008217748254537582, 0.0202169306576252, 0.005858747288584709, 0.011754529550671577, 0.005175767000764608, 0.014051717706024647, 0.026349714025855064, 0.006273479200899601, 0.021442057564854622, 0.006495704874396324, 0.0034780027344822884, 0.005210984498262405, 0.03713640570640564, 0.005494374781847, 0.01831100694835186, 0.027332685887813568, 0.007775286212563515, 0.0036715283058583736, 0.007977507077157497, 0.05359865725040436, 0.003288601990789175, 0.007409106940031052, 0.0060720122419297695, 0.016644291579723358, 0.02037719450891018, 0.03151370584964752, 0.013620858080685139, 0.014491831883788109, 0.03193328529596329, 0.0047859568148851395, 0.05037859454751015, 0.0066327243112027645, 0.007807631511241198, 0.01976528763771057, 0.02076304331421852, 0.015106461942195892, 0.013039655983448029, 0.008816110901534557, 0.007593847811222076, 0.03626897558569908, 0.11364875733852386, 0.011200924403965473, 0.011635757982730865, 0.018419817090034485, 0.012392842210829258, 0.015252290293574333, 0.008610120974481106, 0.017322910949587822, 0.006249300204217434, 0.10804865509271622, 0.006356497760862112, 0.004386974032968283, 0.02954518236219883, 0.010022112168371677, 0.013564166612923145, 0.004142128396779299, 0.05493665486574173, 0.01499161310493946, 0.020107176154851913, 0.03197884559631348, 0.010140841826796532, 0.00543060852214694, 0.023822475224733353, 0.00612562894821167, 0.002777304733172059, 0.011637205258011818, 0.025729987770318985, 0.009326448664069176, 0.014190548099577427, 0.012015420012176037, 0.026894841343164444, 0.017956912517547607, 0.011768890544772148, 0.007053105626255274, 0.009060868993401527, 0.044342488050460815, 0.005608975887298584, 0.007769829593598843, 0.0022156538907438517, 0.005549653898924589, 0.008036642335355282, 0.020333006978034973, 0.005233277101069689, 0.04586103558540344, 0.004055451601743698, 0.007925431244075298, 0.04266079515218735, 0.0125279501080513, 0.029741320759058, 0.013966608792543411, 0.00519227422773838, 0.01682860031723976, 0.022196253761649132, 0.01442237850278616, 0.01893581636250019, 0.02101590484380722, 0.004884894005954266, 0.005690425168722868, 0.008975504897534847, 0.017158593982458115, 0.010140161029994488, 0.015433141030371189], "serr": [0.018744178116321564, 0.020151527598500252, 0.02241153083741665, 0.009903638623654842, 0.01694774441421032, 0.009858683682978153, 0.022288324311375618, 0.03791402280330658, 0.019908340647816658, 0.025931211188435555, 0.030775047838687897, 0.011699642054736614, 0.0422130823135376, 0.011394716799259186, 0.02440376579761505, 0.009156681597232819, 0.020195387303829193, 0.038990434259176254, 0.014329958707094193, 0.02826661244034767, 0.011935007758438587, 0.0185345821082592, 0.010487751103937626, 0.021271657198667526, 0.03381410613656044, 0.011585681699216366, 0.02888920158147812, 0.012612396851181984, 0.00868904683738947, 0.010979738086462021, 0.04630880430340767, 0.010934023186564445, 0.027524851262569427, 0.034322645515203476, 0.014333933591842651, 0.008785934187471867, 0.014745519496500492, 0.06040939316153526, 0.007523092906922102, 0.013750376179814339, 0.012189795263111591, 0.023701507598161697, 0.027591563761234283, 0.03861985355615616, 0.020740961655974388, 0.02145451121032238, 0.03915473446249962, 0.009997243992984295, 0.057675883173942566, 0.012410827912390232, 0.014173876494169235, 0.027741191908717155, 0.02846008911728859, 0.02215026319026947, 0.02014458179473877, 0.015424279496073723, 0.014132102951407433, 0.04368202015757561, 0.12092774361371994, 0.018704388290643692, 0.019427873194217682, 0.025367362424731255, 0.019883539527654648, 0.022817406803369522, 0.015030176378786564, 0.024282263591885567, 0.012874601408839226, 0.11552023887634277, 0.012635485269129276, 0.009428117424249649, 0.03747221454977989, 0.016979655250906944, 0.02076549641788006, 0.008759212680161, 0.062034692615270615, 0.022358950227499008, 0.02675301767885685, 0.03943047299981117, 0.0172136053442955, 0.010954695753753185, 0.03597325459122658, 0.011937776580452919, 0.006668773479759693, 0.021083129569888115, 0.03322259336709976, 0.01700522005558014, 0.02107483521103859, 0.019281862303614616, 0.038307204842567444, 0.024790136143565178, 0.018234871327877045, 0.013324995525181293, 0.01554989442229271, 0.05207422003149986, 0.011729508638381958, 0.014302561990916729, 0.005313738249242306, 0.011000831611454487, 0.014789662323892117, 0.027626821771264076, 0.011174813844263554, 0.053164850920438766, 0.00874024722725153, 0.01473959069699049, 0.04951830953359604, 0.019994033500552177, 0.03713967651128769, 0.02133292891085148, 0.010755679570138454, 0.024389073252677917, 0.02951747365295887, 0.021487148478627205, 0.0262600164860487, 0.027832970023155212, 0.01090137381106615, 0.012012109160423279, 0.017016826197504997, 0.024469736963510513, 0.018559133633971214, 0.02261296659708023],