{"sra": [40.037706, 40.04416, 39.865923, 39.985885, 39.984657, 39.949583, 39.857725, 40.043405, 39.83941, 39.957867, 40.001735, 39.979558, 39.989626, 40.056271, 39.926356, 40.044352, 40.030643, 39.87466, 39.973949, 39.89276, 40.056794, 39.854375, 40.038465, 39.928479, 39.886157, 39.868784, 39.887424, 39.918426, 39.92722, 39.917336, 40.040241, 39.964287, 39.947827, 39.922271, 39.89763, 40.067808, 39.875642, 39.951659, 39.948114, 39.983048, 40.04093, 39.988071, 39.884689, 40.014071, 40.06662, 39.972957, 39.90664, 39.88734, 39.954942, 40.006865, 39.987952, 39.993509, 39.91521, 39.952706, 40.011619, 40.012867], "sdec": [-1.4987981, -1.622995, -1.477338, -1.5524178, -1.4239922, -1.6170079, -1.515446, -1.4291278, -1.5406166, -1.4487978, -1.5868947, -1.6795853, -1.6706081, -1.4690374, -1.4853308, -1.4536954, -1.6434536, -1.5542393, -1.6120087, -1.5311672, -1.6558877, -1.5971845, -1.4270781, -1.6189467, -1.4691272, -1.5430776, -1.5772155, -1.6189547, -1.5423308, -1.6353589, -1.4396253, -1.6401918, -1.5588535, -1.4962362, -1.573992, -1.5381453, -1.5141986, -1.4838425, -1.6755594, -1.4956657, -1.6309837, -1.6567645, -1.5454269, -1.6270252, -1.5774064, -1.5505334, -1.552561, -1.5383441, -1.5808065, -1.6343497, -1.5622154, -1.5681116, -1.6522783, -1.5686995, -1.5949516, -1.5732228], "sflux": [4.05036735534668, 6.532607555389404, 2.6453187465667725, 10.990924835205078, 1.4739000797271729, 9.46899700164795, 4.24455451965332, 1.295137882232666, 3.0392632484436035, 2.087758779525757, 10.597254753112793, 4.0381999015808105, 3.817354440689087, 2.1151509284973145, 3.34958553314209, 2.8259239196777344, 6.075541019439697, 5.498405456542969, 9.673255920410156, 5.761366844177246, 3.9542834758758545, 2.1113851070404053, 1.4585081338882446, 7.579830169677734, 2.855835199356079, 4.707091331481934, 4.989232063293457, 6.742501258850098, 9.024626731872559, 6.359704494476318, 2.481748580932617, 8.598838806152344, 9.801772117614746, 5.076472282409668, 6.6803154945373535, 6.0038533210754395, 4.502878665924072, 4.529483318328857, 5.540555953979492, 6.27532434463501, 6.330485820770264, 5.271042823791504, 5.457740306854248, 7.729254722595215, 6.09399938583374, 10.799955368041992, 8.19235897064209, 6.185848712921143, 10.655152320861816, 7.382721424102783, 10.660575866699219, 11.510409355163574, 8.756084442138672, 11.243890762329102, 9.118698120117188, 10.011198043823242]}