{"sra": [40.037706, 40.04416, 39.865923, 39.985885, 39.984657, 39.949583, 39.857725, 40.043405, 39.83941, 39.957867, 40.001735, 39.979558, 39.989626, 40.056271, 39.926356, 40.044352, 40.030643, 39.87466, 39.973949, 39.89276, 40.056794, 39.854375, 40.038465, 39.928479, 39.886157, 39.868784, 39.887424, 39.918426, 39.92722, 39.917336, 40.040241, 39.964287, 39.947827, 39.922271, 39.89763, 40.067808, 39.875642, 39.951659, 39.948114, 39.983048, 40.04093, 39.988071, 39.884689, 40.014071, 40.06662, 39.972957, 39.90664, 39.88734, 39.954942, 40.006865, 39.987952, 39.993509, 39.91521, 39.952706, 40.011619, 40.012867], "sdec": [-1.4987981, -1.622995, -1.477338, -1.5524178, -1.4239922, -1.6170079, -1.515446, -1.4291278, -1.5406166, -1.4487978, -1.5868947, -1.6795853, -1.6706081, -1.4690374, -1.4853308, -1.4536954, -1.6434536, -1.5542393, -1.6120087, -1.5311672, -1.6558877, -1.5971845, -1.4270781, -1.6189467, -1.4691272, -1.5430776, -1.5772155, -1.6189547, -1.5423308, -1.6353589, -1.4396253, -1.6401918, -1.5588535, -1.4962362, -1.573992, -1.5381453, -1.5141986, -1.4838425, -1.6755594, -1.4956657, -1.6309837, -1.6567645, -1.5454269, -1.6270252, -1.5774064, -1.5505334, -1.552561, -1.5383441, -1.5808065, -1.6343497, -1.5622154, -1.5681116, -1.6522783, -1.5686995, -1.5949516, -1.5732228], "sflux": [4.605453014373779, 6.353170394897461, 2.4941461086273193, 11.137064933776855, 1.4692343473434448, 8.642167091369629, 4.040706634521484, 1.0827271938323975, 3.0029854774475098, 1.9267261028289795, 10.618986129760742, 4.060337543487549, 3.471447467803955, 2.1076014041900635, 3.194474458694458, 2.9860243797302246, 6.6247477531433105, 5.6404709815979, 9.569337844848633, 5.89784574508667, 4.1462249755859375, 2.1528780460357666, 1.4930499792099, 7.100889205932617, 2.9374747276306152, 4.710657119750977, 5.119071006774902, 6.453824996948242, 8.877654075622559, 6.1326398849487305, 2.1700971126556396, 7.501829147338867, 9.423704147338867, 4.864933967590332, 7.082553863525391, 5.820836067199707, 4.817751407623291, 4.453968524932861, 5.836583137512207, 6.285007953643799, 6.461510181427002, 5.29870080947876, 5.78212833404541, 6.745529651641846, 6.391997814178467, 9.704666137695312, 7.804227828979492, 5.396442413330078, 10.672215461730957, 7.041468143463135, 9.640363693237305, 11.508503913879395, 8.887757301330566, 11.7986478805542, 9.748082160949707, 9.708602905273438]}