{"band": "PMW", "sra": [248.976, 248.936, 249.142, 249.041, 248.981, 249.167, 249.095, 248.883, 248.704, 248.98, 249.091, 248.872, 249.187, 248.932, 248.975, 249.254, 248.787, 248.7, 249.23, 248.915, 248.859, 249.156, 248.8, 249.232, 249.173, 249.01, 248.839, 248.889, 248.769, 249.391, 249.068, 248.719, 248.636, 249.016, 248.975, 249.284, 248.888, 249.054, 248.94, 248.634, 248.591, 249.152, 249.203, 248.673, 249.266, 249.089, 248.696, 248.6, 249.322, 248.882, 248.757, 249.366, 249.151, 248.93, 248.624, 249.229, 248.78, 249.334, 248.983, 249.263, 248.83, 249.191, 248.9, 248.852, 249.208, 248.756, 249.316, 249.074, 248.923, 248.595, 249.253, 248.977, 248.831, 248.892, 248.657, 249.25, 249.039, 248.614, 249.206, 248.945, 249.086, 248.885, 248.712, 248.668, 248.804, 249.12, 248.98, 249.013, 248.534, 248.784, 249.19, 248.957, 249.271, 248.994, 248.916, 249.059, 248.863, 249.237, 249.28, 248.958, 248.751, 249.109, 249.209, 248.917, 249.025, 248.829, 249.158, 248.863, 248.787, 249.019, 249.165, 249.235, 249.036, 248.824, 248.736, 248.987, 248.861, 249.013, 248.97, 248.797], "sdec": [66.0396, 66.047, 66.0596, 66.0603, 66.0598, 66.0719, 66.0692, 66.0807, 66.0848, 66.0952, 66.096, 66.0984, 66.0992, 66.1002, 66.1043, 66.1115, 66.1094, 66.1136, 66.1256, 66.1214, 66.1216, 66.1197, 66.1324, 66.1428, 66.1444, 66.153, 66.1477, 66.1469, 66.1493, 66.1517, 66.1552, 66.1567, 66.1581, 66.1605, 66.16, 66.1675, 66.1678, 66.1703, 66.1743, 66.1732, 66.174, 66.177, 66.1734, 66.1784, 66.1837, 66.1833, 66.1822, 66.1805, 66.1868, 66.1847, 66.1843, 66.1903, 66.1917, 66.1936, 66.1954, 66.2015, 66.2005, 66.2002, 66.204, 66.2081, 66.2092, 66.2147, 66.2212, 66.2258, 66.2274, 66.2284, 66.2333, 66.2372, 66.2351, 66.2393, 66.2381, 66.2495, 66.2437, 66.2484, 66.2513, 66.2571, 66.2569, 66.2563, 66.2587, 66.2583, 66.2633, 66.2723, 66.2695, 66.268, 66.2723, 66.2757, 66.276, 66.2866, 66.2839, 66.2869, 66.2912, 66.2965, 66.2961, 66.2977, 66.2961, 66.3007, 66.3032, 66.3087, 66.3129, 66.315, 66.3135, 66.3181, 66.323, 66.3221, 66.326, 66.3285, 66.3294, 66.3336, 66.334, 66.3412, 66.3462, 66.3454, 66.3504, 66.3496, 66.3526, 66.3568, 66.3653, 66.3784, 66.3775, 66.3774], "sflux": [0.0046858894638717175, 0.00402307603508234, 0.006139320787042379, 0.0043890164233744144, 0.006331633776426315, 0.0016435676952823997, 0.003252528142184019, 0.0073961964808404446, 0.009837920777499676, 0.026594245806336403, 0.020363401621580124, 0.0026111158076673746, 0.012156414799392223, 0.010169574990868568, 0.00888368021696806, 0.004935467150062323, 0.020483793690800667, 0.015793845057487488, 0.002992198569700122, 0.00823109969496727, 0.008989657275378704, 0.014633630402386189, 0.0038121624384075403, 0.010344616137444973, 0.012766443192958832, 0.0019505018135532737, 0.014249210245907307, 0.0062190392054617405, 0.0014905862044543028, 0.004147730767726898, 0.02058480493724346, 0.006977384444326162, 0.023940978571772575, 0.014637554064393044, 0.005490971263498068, 0.005146416835486889, 0.002387070329859853, 0.02827274054288864, 0.001683062524534762, 0.004199643153697252, 0.002203337848186493, 0.0054669687524437904, 0.012894323095679283, 0.029666082933545113, 0.009002013131976128, 0.003674229606986046, 0.0325324721634388, 0.0021111485548317432, 0.020986536517739296, 0.002243188675493002, 0.0034883683547377586, 0.011822380125522614, 0.012875755317509174, 0.003625900484621525, 0.00617898628115654, 0.005297685042023659, 0.009638773277401924, 0.013559865765273571, 0.04135827720165253, 0.0029425169341266155, 0.006477988790720701, 0.00422916142269969, 0.018304914236068726, 0.009925708174705505, 0.004948128014802933, 0.008705913089215755, 0.0012215616879984736, 0.24944867193698883, 0.0038374566938728094, 0.0019082730868831277, 0.010706373490393162, 0.0044940076768398285, 0.010410294868052006, 0.006529441103339195, 0.009877330623567104, 0.01191264484077692, 0.012618442066013813, 0.005752157885581255, 0.010892939753830433, 0.004634376615285873, 0.029898889362812042, 0.010543351992964745, 0.0029809006955474615, 0.009683097712695599, 0.019745800644159317, 0.02746698074042797, 0.023823071271181107, 0.005779364611953497, 0.025911962613463402, 0.017802618443965912, 0.004020580090582371, 0.001844729296863079, 0.0018918305868282914, 0.011017686687409878, 0.002343838568776846, 0.0036940337158739567, 0.0007873422000557184, 0.005655402783304453, 0.004259550478309393, 0.0028091478161513805, 0.004706956911832094, 0.019387563690543175, 0.001340394839644432, 0.003334963694214821, 0.07316043227910995, 0.004766406025737524, 0.0300771351903677, 0.008976061828434467, 0.0015873837983235717, 0.006419636309146881, 0.0033461684361100197, 0.010312712751328945, 0.005124726798385382, 0.005616538692265749, 0.0027505564503371716, 0.0018963813781738281, 0.0031298762187361717, 0.01273598987609148, 0.008797375485301018, 0.014596895314753056], "serr": [0.008134616538882256, 0.007191260810941458, 0.009687833487987518, 0.007637941278517246, 0.009663236327469349, 0.003664647461846471, 0.006217652931809425, 0.010838931426405907, 0.013818742707371712, 0.0299880001693964, 0.02385750040411949, 0.0051648481748998165, 0.015618191100656986, 0.013707243837416172, 0.012656970880925655, 0.008633689023554325, 0.024274416267871857, 0.019395366311073303, 0.005681231152266264, 0.011748590506613255, 0.01255799364298582, 0.018360542133450508, 0.006955915130674839, 0.013906535692512989, 0.01626541279256344, 0.0045653218403458595, 0.01784772425889969, 0.009313761256635189, 0.0035549220629036427, 0.007648615166544914, 0.024798942729830742, 0.010796384885907173, 0.02841147966682911, 0.018157819285988808, 0.008825991302728653, 0.008236040361225605, 0.004966792184859514, 0.03177402541041374, 0.003913337830454111, 0.007625696714967489, 0.004779992625117302, 0.008648674003779888, 0.01629939302802086, 0.033015597611665726, 0.012724080123007298, 0.006876912899315357, 0.03581039607524872, 0.004879016894847155, 0.0243803970515728, 0.004686447326093912, 0.006550144404172897, 0.015422789379954338, 0.01643284596502781, 0.006507024634629488, 0.009447748772799969, 0.008649428375065327, 0.013412061147391796, 0.01709490828216076, 0.045170992612838745, 0.005588141269981861, 0.009871321730315685, 0.007427051663398743, 0.02187293954193592, 0.013271327130496502, 0.008092841133475304, 0.012344063259661198, 0.00279438984580338, 0.25278326869010925, 0.0070560467429459095, 0.004487921018153429, 0.014256947673857212, 0.007765855640172958, 0.014072787947952747, 0.010207637213170528, 0.013499795459210873, 0.015561151318252087, 0.016071921214461327, 0.009225200861692429, 0.014285972341895103, 0.007884718477725983, 0.03457539528608322, 0.013969866558909416, 0.005760639440268278, 0.013876856304705143, 0.02335011027753353, 0.03170403093099594, 0.027416391298174858, 0.00941973365843296, 0.030672306194901466, 0.021161505952477455, 0.007507641799747944, 0.004134072456508875, 0.0041910395957529545, 0.014409955590963364, 0.005109473597258329, 0.006850467529147863, 0.0021210594568401575, 0.009046407416462898, 0.007922313176095486, 0.005641636438667774, 0.008077156729996204, 0.022694695740938187, 0.0032709850929677486, 0.006142075639218092, 0.07673271000385284, 0.008092110976576805, 0.03327345848083496, 0.012521494179964066, 0.0035401880741119385, 0.010003096424043179, 0.0062222108244895935, 0.01373676024377346, 0.008234633132815361, 0.009143441915512085, 0.0055750636383891106, 0.004356705117970705, 0.006619001738727093, 0.016443967819213867, 0.01253537554293871, 0.01875857077538967],